{
  "trial_label": "PLR_Calibration_R_1920x1080_30_3",
  "n_frames": 401,
  "duration_s": 13.333333333333334,
  "fps_est": 30.0,
  "confidence_thresh": 0.75,
  "flagged_pct_before_repair": 4.239401496259352,
  "flagged_pct_remaining_final": 0.0,
  "interpolated_filled_pct": 4.239401496259352,
  "max_interpolated_filled_gap_frames": 1,
  "max_interpolated_filled_gap_s": 0.03333333333333333,
  "flagged_pct_final": 0.0,
  "interpolated_pct": 4.239401496259352,
  "max_interpolated_gap_frames": 1,
  "max_interpolated_gap_s": 0.03333333333333333,
  "r_raw_vs_interp_on_measured": 0.832854135769579,
  "rmse_raw_vs_interp_on_measured_mm": 0.02540882133665246,
  "r_interp_vs_smooth": 0.7780229110119394,
  "rmse_interp_vs_smooth_mm": 0.02631040972350501,
  "mae_interp_vs_smooth_mm": 0.020990381189882435,
  "nrmse_interp_vs_smooth": 0.09866403646314413,
  "smooth_minus_interp_mean_mm": 7.125044530920969e-06,
  "smooth_minus_interp_sd_mm": 0.026310408758748835,
  "smooth_minus_interp_p95_abs_mm": 0.04857142857142982,
  "smooth_minus_interp_max_abs_mm": 0.08285714285714363,
  "global_min_interp_mm": 7.9,
  "global_min_smooth_mm": 7.934285714285714,
  "delta_global_min_mm": 0.03428571428571381,
  "psd_highfreq_cut_hz": 4.0,
  "psd_highfreq_power_reduction_pct": 64.96275537969807,
  "pipeline_params": {
    "max_gap_ms": 400.0,
    "savgol_window_ms": 150.0
  },
  "calibration_stats": {
    "truth_mm": 8.0,
    "n_samples": 384.0,
    "mean_mm": 8.037206101190476,
    "sd_mm": 0.030795391584758577,
    "bias_mm": 0.03720610119047545,
    "mae_mm": 0.04057663690476137,
    "rmse_mm": 0.048297516588894286,
    "limits95_low_mm": 7.976847133684349,
    "limits95_high_mm": 8.097565068696603
  },
  "psd_total_power_ratio_smooth_over_interp": 0.58642806865471,
  "psd_highfreq_power_ratio": 0.3503724462030194,
  "psd_highfreq_power_ratio_gt3Hz": 0.3503724462030194,
  "blink_pit_count": 0,
  "assumed_event_checks": [
    {
      "onset_s": 3.0,
      "baseline_mm": 8.038571428571426,
      "min_mm": 7.971904761904761,
      "amplitude_mm": 0.06666666666666554,
      "relative_amplitude": 0.008293347550500424,
      "time_to_min_s": 2.0,
      "latency10_s": 0.0
    },
    {
      "onset_s": 63.25,
      "baseline_mm": NaN,
      "min_mm": NaN,
      "amplitude_mm": NaN,
      "relative_amplitude": NaN,
      "time_to_min_s": NaN,
      "latency10_s": NaN
    }
  ]
}