reason,count,pct
MAD_OUTLIER,193,5.497009399031615
BIO_BLINK_SPIKE,173,4.927371119339219
