reason,count,pct
MAD_OUTLIER,193,5.497009399031615
BIO_BLINK_SPIKE,173,4.927371119339219
RAW_MISSING,7,0.19937339789233838
