reason,count,pct
MAD_OUTLIER,30,7.4812967581047385
BIO_BLINK_SPIKE,27,6.733167082294265
