{
  "trial_label": "average",
  "n_frames": 401,
  "duration_s": 13.333333333333334,
  "fps_est": 30.0,
  "confidence_thresh": 0.75,
  "flagged_pct_before_repair": 14.214463840399002,
  "flagged_pct_remaining_final": 0.0,
  "interpolated_filled_pct": 14.214463840399002,
  "max_interpolated_filled_gap_frames": 3,
  "max_interpolated_filled_gap_s": 0.1,
  "flagged_pct_final": 0.0,
  "interpolated_pct": 14.214463840399002,
  "max_interpolated_gap_frames": 3,
  "max_interpolated_gap_s": 0.1,
  "r_raw_vs_interp_on_measured": 0.5253914464446237,
  "rmse_raw_vs_interp_on_measured_mm": 0.5388088371383274,
  "r_interp_vs_smooth": 0.99534529773683,
  "rmse_interp_vs_smooth_mm": 0.028041691368057908,
  "mae_interp_vs_smooth_mm": 0.01828405177532361,
  "nrmse_interp_vs_smooth": 0.013248043166011612,
  "smooth_minus_interp_mean_mm": -3.562522266327621e-06,
  "smooth_minus_interp_sd_mm": 0.02804169114175977,
  "smooth_minus_interp_p95_abs_mm": 0.048571428571428044,
  "smooth_minus_interp_max_abs_mm": 0.16714285714285726,
  "global_min_interp_mm": 6.016666666666667,
  "global_min_smooth_mm": 6.038095238095238,
  "delta_global_min_mm": 0.021428571428571352,
  "psd_highfreq_cut_hz": 4.0,
  "psd_highfreq_power_reduction_pct": 33.90184425319514,
  "pipeline_params": {
    "max_gap_ms": 400.0,
    "savgol_window_ms": 150.0
  },
  "calibration_stats": null,
  "psd_total_power_ratio_smooth_over_interp": 0.9800924633312487,
  "psd_highfreq_power_ratio": 0.6609815574680487,
  "psd_highfreq_power_ratio_gt3Hz": 0.6609815574680487,
  "blink_pit_count": 0,
  "assumed_event_checks": [
    {
      "onset_s": 3.0,
      "baseline_mm": 7.045,
      "min_mm": 6.038095238095238,
      "amplitude_mm": 1.006904761904762,
      "relative_amplitude": 0.14292473554361418,
      "time_to_min_s": 1.0,
      "latency10_s": 0.1333333333333333
    },
    {
      "onset_s": 63.25,
      "baseline_mm": NaN,
      "min_mm": NaN,
      "amplitude_mm": NaN,
      "relative_amplitude": NaN,
      "time_to_min_s": NaN,
      "latency10_s": NaN
    }
  ]
}